--Players--

INSERT INTO player (id,name) VALUES (1,'Brian');
INSERT INTO player (id,name) VALUES (2,'Greg');
INSERT INTO player (id,name) VALUES (3,'Pascoe');
INSERT INTO player (id,name) VALUES (4,'Pat');
INSERT INTO player (id,name) VALUES (5,'Mojo');
INSERT INTO player (id,name) VALUES (6,'Troy');
INSERT INTO player (id,name) VALUES (7,'Sean');
INSERT INTO player (id,name) VALUES (8,'AJ');
INSERT INTO player (id,name) VALUES (9,'Julian');
INSERT INTO player (id,name) VALUES (10,'Smith');
INSERT INTO player (id,name) VALUES (11,'Luscius');
INSERT INTO player (id,name) VALUES (12,'BOB');
INSERT INTO player (id,name) VALUES (13,'Josh');
INSERT INTO player (id,name) VALUES (14,'Junaid');
INSERT INTO player (id,name) VALUES (15,'Denis Buckley');
INSERT INTO player (id,name) VALUES (16,'Niema');
INSERT INTO player (id,name) VALUES (17,'Tommy');
INSERT INTO player (id,name) VALUES (18,'Cahrin (Colin)');
INSERT INTO player (id,name) VALUES (19,'DanoTheMano');
INSERT INTO player (id,name) VALUES (20,'Amro');
INSERT INTO player (id,name) VALUES (21,'Grayson');
INSERT INTO player (id,name) VALUES (22,'Wendell');



INSERT INTO game (id,date) VALUES (0,'2020-03-30');

INSERT INTO player_game_stats (id, player_id, game_id, buy_in, total_profit) VALUES (0,1,0,100.00,-100.00);
INSERT INTO player_game_stats (id, player_id, game_id, buy_in, total_profit) VALUES (1,2,0,98.67,-27.53);
INSERT INTO player_game_stats (id, player_id, game_id, buy_in, total_profit) VALUES (2,3,0,50.00,131.35);
INSERT INTO player_game_stats (id, player_id, game_id, buy_in, total_profit) VALUES (3,4,0,100.00,96.18);
INSERT INTO player_game_stats (id, player_id, game_id, buy_in, total_profit) VALUES (8,9,0,100.00,-100.00);


INSERT INTO game (id,date) VALUES (1,'2020-03-31');

INSERT INTO player_game_stats (id, player_id, game_id, buy_in, total_profit) VALUES (10,2,1,200.00,157.71);
INSERT INTO player_game_stats (id, player_id, game_id, buy_in, total_profit) VALUES (11,3,1,100.00,-58.60);
INSERT INTO player_game_stats (id, player_id, game_id, buy_in, total_profit) VALUES (12,4,1,50.00,-36.84);
INSERT INTO player_game_stats (id, player_id, game_id, buy_in, total_profit) VALUES (15,7,1,100.00,0.00);
INSERT INTO player_game_stats (id, player_id, game_id, buy_in, total_profit) VALUES (17,9,1,111.59,-50.00);
INSERT INTO player_game_stats (id, player_id, game_id, buy_in, total_profit) VALUES (18,10,1,50.00,37.73);
INSERT INTO player_game_stats (id, player_id, game_id, buy_in, total_profit) VALUES (25,17,1,50.00,-50.00);


INSERT INTO game (id,date) VALUES (2,'2020-04-01');

INSERT INTO player_game_stats (id, player_id, game_id, buy_in, total_profit) VALUES (26,1,2,100.00,49.31);
INSERT INTO player_game_stats (id, player_id, game_id, buy_in, total_profit) VALUES (27,2,2,100.00,133.36);
INSERT INTO player_game_stats (id, player_id, game_id, buy_in, total_profit) VALUES (28,3,2,60.00,0.54);
INSERT INTO player_game_stats (id, player_id, game_id, buy_in, total_profit) VALUES (29,4,2,200.00,-200.00);
INSERT INTO player_game_stats (id, player_id, game_id, buy_in, total_profit) VALUES (34,9,2,50.00,38.41);
INSERT INTO player_game_stats (id, player_id, game_id, buy_in, total_profit) VALUES (35,10,2,87.73,-21.62);


INSERT INTO game (id,date) VALUES (3,'2020-04-03');

INSERT INTO player_game_stats (id, player_id, game_id, buy_in, total_profit) VALUES (36,1,3,50.00,3.75);
INSERT INTO player_game_stats (id, player_id, game_id, buy_in, total_profit) VALUES (37,2,3,100.00,-35.25);
INSERT INTO player_game_stats (id, player_id, game_id, buy_in, total_profit) VALUES (38,3,3,59.54,-6.50);
INSERT INTO player_game_stats (id, player_id, game_id, buy_in, total_profit) VALUES (40,5,3,100.00,0.94);
INSERT INTO player_game_stats (id, player_id, game_id, buy_in, total_profit) VALUES (41,6,3,100.00,-100.00);
INSERT INTO player_game_stats (id, player_id, game_id, buy_in, total_profit) VALUES (42,7,3,50.00,98.88);
INSERT INTO player_game_stats (id, player_id, game_id, buy_in, total_profit) VALUES (44,9,3,50.00,-9.13);
INSERT INTO player_game_stats (id, player_id, game_id, buy_in, total_profit) VALUES (45,10,3,66.00,47.31);


INSERT INTO game (id,date) VALUES (4,'2020-04-03');

INSERT INTO player_game_stats (id, player_id, game_id, buy_in, total_profit) VALUES (46,1,4,50.00,31.04);
INSERT INTO player_game_stats (id, player_id, game_id, buy_in, total_profit) VALUES (47,2,4,100.00,29.51);
INSERT INTO player_game_stats (id, player_id, game_id, buy_in, total_profit) VALUES (48,3,4,113.04,-53.54);
INSERT INTO player_game_stats (id, player_id, game_id, buy_in, total_profit) VALUES (50,5,4,100.00,18.57);
INSERT INTO player_game_stats (id, player_id, game_id, buy_in, total_profit) VALUES (52,7,4,98.88,-19.60);
INSERT INTO player_game_stats (id, player_id, game_id, buy_in, total_profit) VALUES (54,9,4,50.00,-50.00);
INSERT INTO player_game_stats (id, player_id, game_id, buy_in, total_profit) VALUES (55,10,4,100.00,-15.81);
INSERT INTO player_game_stats (id, player_id, game_id, buy_in, total_profit) VALUES (57,12,4,50.00,59.83);


INSERT INTO game (id,date) VALUES (5,'2020-04-05');

INSERT INTO player_game_stats (id, player_id, game_id, buy_in, total_profit) VALUES (58,1,5,150.00,-150.00);
INSERT INTO player_game_stats (id, player_id, game_id, buy_in, total_profit) VALUES (59,2,5,100.00,6.59);
INSERT INTO player_game_stats (id, player_id, game_id, buy_in, total_profit) VALUES (60,3,5,100.00,69.94);
INSERT INTO player_game_stats (id, player_id, game_id, buy_in, total_profit) VALUES (62,5,5,75.00,0.21);
INSERT INTO player_game_stats (id, player_id, game_id, buy_in, total_profit) VALUES (63,6,5,75.00,121.85);
INSERT INTO player_game_stats (id, player_id, game_id, buy_in, total_profit) VALUES (64,7,5,100.00,64.38);
INSERT INTO player_game_stats (id, player_id, game_id, buy_in, total_profit) VALUES (66,9,5,50.00,-14.85);
INSERT INTO player_game_stats (id, player_id, game_id, buy_in, total_profit) VALUES (67,10,5,85.00,-85.00);
INSERT INTO player_game_stats (id, player_id, game_id, buy_in, total_profit) VALUES (70,13,5,75.00,-13.12);


INSERT INTO game (id,date) VALUES (6,'2020-04-06');

INSERT INTO player_game_stats (id, player_id, game_id, buy_in, total_profit) VALUES (72,2,6,183.75,20.32);
INSERT INTO player_game_stats (id, player_id, game_id, buy_in, total_profit) VALUES (73,3,6,161.43,16.49);
INSERT INTO player_game_stats (id, player_id, game_id, buy_in, total_profit) VALUES (75,5,6,124.57,-75.00);
INSERT INTO player_game_stats (id, player_id, game_id, buy_in, total_profit) VALUES (76,6,6,160.17,-6.11);
INSERT INTO player_game_stats (id, player_id, game_id, buy_in, total_profit) VALUES (80,10,6,177.59,66.34);
INSERT INTO player_game_stats (id, player_id, game_id, buy_in, total_profit) VALUES (81,11,6,192.49,-22.04);


INSERT INTO game (id,date) VALUES (7,'2020-04-07');

INSERT INTO player_game_stats (id, player_id, game_id, buy_in, total_profit) VALUES (83,2,7,150.00,87.99);
INSERT INTO player_game_stats (id, player_id, game_id, buy_in, total_profit) VALUES (84,3,7,100.00,14.89);
INSERT INTO player_game_stats (id, player_id, game_id, buy_in, total_profit) VALUES (85,4,7,75.00,43.18);
INSERT INTO player_game_stats (id, player_id, game_id, buy_in, total_profit) VALUES (86,5,7,75.00,168.35);
INSERT INTO player_game_stats (id, player_id, game_id, buy_in, total_profit) VALUES (87,6,7,150.00,-150.00);
INSERT INTO player_game_stats (id, player_id, game_id, buy_in, total_profit) VALUES (88,7,7,75.00,95.75);
INSERT INTO player_game_stats (id, player_id, game_id, buy_in, total_profit) VALUES (91,10,7,90.00,-90.45);
INSERT INTO player_game_stats (id, player_id, game_id, buy_in, total_profit) VALUES (92,11,7,150.00,-150.00);
INSERT INTO player_game_stats (id, player_id, game_id, buy_in, total_profit) VALUES (94,13,7,75.00,-75.00);
INSERT INTO player_game_stats (id, player_id, game_id, buy_in, total_profit) VALUES (95,14,7,75.00,55.29);


INSERT INTO game (id,date) VALUES (8,'2020-04-08');

INSERT INTO player_game_stats (id, player_id, game_id, buy_in, total_profit) VALUES (96,1,8,50.00,-6.56);
INSERT INTO player_game_stats (id, player_id, game_id, buy_in, total_profit) VALUES (97,2,8,150.00,74.71);
INSERT INTO player_game_stats (id, player_id, game_id, buy_in, total_profit) VALUES (98,3,8,175.00,-117.46);
INSERT INTO player_game_stats (id, player_id, game_id, buy_in, total_profit) VALUES (99,4,8,150.00,-17.63);
INSERT INTO player_game_stats (id, player_id, game_id, buy_in, total_profit) VALUES (100,5,8,75.00,162.48);
INSERT INTO player_game_stats (id, player_id, game_id, buy_in, total_profit) VALUES (101,6,8,279.00,53.25);
INSERT INTO player_game_stats (id, player_id, game_id, buy_in, total_profit) VALUES (102,7,8,75.00,-75.00);
INSERT INTO player_game_stats (id, player_id, game_id, buy_in, total_profit) VALUES (104,9,8,100.00,8.46);
INSERT INTO player_game_stats (id, player_id, game_id, buy_in, total_profit) VALUES (105,10,8,99.50,92.75);
INSERT INTO player_game_stats (id, player_id, game_id, buy_in, total_profit) VALUES (106,11,8,100.00,-100.00);
INSERT INTO player_game_stats (id, player_id, game_id, buy_in, total_profit) VALUES (109,14,8,75.00,-75.00);


INSERT INTO game (id,date) VALUES (9,'2020-04-09');

INSERT INTO player_game_stats (id, player_id, game_id, buy_in, total_profit) VALUES (110,1,9,20.00,-20.00);
INSERT INTO player_game_stats (id, player_id, game_id, buy_in, total_profit) VALUES (112,3,9,20.00,-4.50);
INSERT INTO player_game_stats (id, player_id, game_id, buy_in, total_profit) VALUES (113,4,9,20.00,-5.25);
INSERT INTO player_game_stats (id, player_id, game_id, buy_in, total_profit) VALUES (114,5,9,20.00,-20.00);
INSERT INTO player_game_stats (id, player_id, game_id, buy_in, total_profit) VALUES (115,6,9,20.00,-20.00);
INSERT INTO player_game_stats (id, player_id, game_id, buy_in, total_profit) VALUES (118,9,9,40.00,89.75);
INSERT INTO player_game_stats (id, player_id, game_id, buy_in, total_profit) VALUES (123,14,9,20.00,-20.00);


INSERT INTO game (id,date) VALUES (10,'2020-04-09');

INSERT INTO player_game_stats (id, player_id, game_id, buy_in, total_profit) VALUES (124,1,10,75.00,65.10);
INSERT INTO player_game_stats (id, player_id, game_id, buy_in, total_profit) VALUES (125,2,10,180.00,78.40);
INSERT INTO player_game_stats (id, player_id, game_id, buy_in, total_profit) VALUES (126,3,10,78.00,69.85);
INSERT INTO player_game_stats (id, player_id, game_id, buy_in, total_profit) VALUES (127,4,10,75.00,130.43);
INSERT INTO player_game_stats (id, player_id, game_id, buy_in, total_profit) VALUES (128,5,10,75.00,-75.00);
INSERT INTO player_game_stats (id, player_id, game_id, buy_in, total_profit) VALUES (129,6,10,250.00,-122.99);
INSERT INTO player_game_stats (id, player_id, game_id, buy_in, total_profit) VALUES (130,7,10,75.00,63.58);
INSERT INTO player_game_stats (id, player_id, game_id, buy_in, total_profit) VALUES (132,9,10,200.00,-200.00);
INSERT INTO player_game_stats (id, player_id, game_id, buy_in, total_profit) VALUES (134,11,10,100.00,11.25);
INSERT INTO player_game_stats (id, player_id, game_id, buy_in, total_profit) VALUES (137,14,10,75.00,-20.62);


INSERT INTO game (id,date) VALUES (11,'2020-04-11');

INSERT INTO player_game_stats (id, player_id, game_id, buy_in, total_profit) VALUES (138,1,11,50.00,16.55);
INSERT INTO player_game_stats (id, player_id, game_id, buy_in, total_profit) VALUES (139,2,11,100.00,55.75);
INSERT INTO player_game_stats (id, player_id, game_id, buy_in, total_profit) VALUES (140,3,11,100.00,-25.45);
INSERT INTO player_game_stats (id, player_id, game_id, buy_in, total_profit) VALUES (143,6,11,75.00,9.75);
INSERT INTO player_game_stats (id, player_id, game_id, buy_in, total_profit) VALUES (144,7,11,75.00,-1.00);
INSERT INTO player_game_stats (id, player_id, game_id, buy_in, total_profit) VALUES (147,10,11,95.00,-56.00);
INSERT INTO player_game_stats (id, player_id, game_id, buy_in, total_profit) VALUES (148,11,11,100.00,0.40);


INSERT INTO game (id,date) VALUES (12,'2020-04-12');

INSERT INTO player_game_stats (id, player_id, game_id, buy_in, total_profit) VALUES (149,1,12,50.00,-50.00);
INSERT INTO player_game_stats (id, player_id, game_id, buy_in, total_profit) VALUES (150,2,12,100.00,273.90);
INSERT INTO player_game_stats (id, player_id, game_id, buy_in, total_profit) VALUES (151,3,12,74.00,68.87);
INSERT INTO player_game_stats (id, player_id, game_id, buy_in, total_profit) VALUES (152,4,12,150.00,-150.00);
INSERT INTO player_game_stats (id, player_id, game_id, buy_in, total_profit) VALUES (154,6,12,200.00,-200.00);
INSERT INTO player_game_stats (id, player_id, game_id, buy_in, total_profit) VALUES (155,7,12,75.00,56.69);
INSERT INTO player_game_stats (id, player_id, game_id, buy_in, total_profit) VALUES (158,10,12,50.00,20.75);
INSERT INTO player_game_stats (id, player_id, game_id, buy_in, total_profit) VALUES (159,11,12,100.00,-20.21);


INSERT INTO game (id,date) VALUES (13,'2020-04-15');

INSERT INTO player_game_stats (id, player_id, game_id, buy_in, total_profit) VALUES (160,1,13,100.00,-60.50);
INSERT INTO player_game_stats (id, player_id, game_id, buy_in, total_profit) VALUES (161,2,13,150.00,69.25);
INSERT INTO player_game_stats (id, player_id, game_id, buy_in, total_profit) VALUES (162,3,13,143.42,68.87);
INSERT INTO player_game_stats (id, player_id, game_id, buy_in, total_profit) VALUES (163,4,13,75.00,96.00);
INSERT INTO player_game_stats (id, player_id, game_id, buy_in, total_profit) VALUES (164,5,13,100.00,-5.00);
INSERT INTO player_game_stats (id, player_id, game_id, buy_in, total_profit) VALUES (166,7,13,75.00,-14.25);
INSERT INTO player_game_stats (id, player_id, game_id, buy_in, total_profit) VALUES (170,11,13,100.00,-29.75);
INSERT INTO player_game_stats (id, player_id, game_id, buy_in, total_profit) VALUES (174,15,13,50.00,-50.00);
INSERT INTO player_game_stats (id, player_id, game_id, buy_in, total_profit) VALUES (175,16,13,150.00,-74.62);


INSERT INTO game (id,date) VALUES (14,'2020-04-16');

INSERT INTO player_game_stats (id, player_id, game_id, buy_in, total_profit) VALUES (176,1,14,50.00,-50.00);
INSERT INTO player_game_stats (id, player_id, game_id, buy_in, total_profit) VALUES (177,2,14,150.00,117.38);
INSERT INTO player_game_stats (id, player_id, game_id, buy_in, total_profit) VALUES (178,3,14,85.00,-31.00);
INSERT INTO player_game_stats (id, player_id, game_id, buy_in, total_profit) VALUES (180,5,14,100.00,-32.93);
INSERT INTO player_game_stats (id, player_id, game_id, buy_in, total_profit) VALUES (181,6,14,85.00,-85.00);
INSERT INTO player_game_stats (id, player_id, game_id, buy_in, total_profit) VALUES (182,7,14,75.00,-26.50);
INSERT INTO player_game_stats (id, player_id, game_id, buy_in, total_profit) VALUES (183,8,14,150.00,134.83);
INSERT INTO player_game_stats (id, player_id, game_id, buy_in, total_profit) VALUES (186,11,14,100.00,-26.78);


INSERT INTO game (id,date) VALUES (15,'2020-04-17');

INSERT INTO player_game_stats (id, player_id, game_id, buy_in, total_profit) VALUES (187,1,15,50.00,-50.00);
INSERT INTO player_game_stats (id, player_id, game_id, buy_in, total_profit) VALUES (188,2,15,150.00,17.25);
INSERT INTO player_game_stats (id, player_id, game_id, buy_in, total_profit) VALUES (189,3,15,55.00,-28.50);
INSERT INTO player_game_stats (id, player_id, game_id, buy_in, total_profit) VALUES (190,4,15,75.00,162.01);
INSERT INTO player_game_stats (id, player_id, game_id, buy_in, total_profit) VALUES (192,6,15,75.00,89.25);
INSERT INTO player_game_stats (id, player_id, game_id, buy_in, total_profit) VALUES (193,7,15,75.00,-46.00);
INSERT INTO player_game_stats (id, player_id, game_id, buy_in, total_profit) VALUES (194,8,15,274.00,-274.00);
INSERT INTO player_game_stats (id, player_id, game_id, buy_in, total_profit) VALUES (196,10,15,60.00,-60.00);
INSERT INTO player_game_stats (id, player_id, game_id, buy_in, total_profit) VALUES (197,11,15,100.00,189.99);


INSERT INTO game (id,date) VALUES (16,'2020-04-18');

INSERT INTO player_game_stats (id, player_id, game_id, buy_in, total_profit) VALUES (199,2,16,150.00,68.81);
INSERT INTO player_game_stats (id, player_id, game_id, buy_in, total_profit) VALUES (200,3,16,100.00,18.38);
INSERT INTO player_game_stats (id, player_id, game_id, buy_in, total_profit) VALUES (201,4,16,75.00,-75.00);
INSERT INTO player_game_stats (id, player_id, game_id, buy_in, total_profit) VALUES (202,5,16,100.00,-100.00);
INSERT INTO player_game_stats (id, player_id, game_id, buy_in, total_profit) VALUES (203,6,16,160.00,-50.92);
INSERT INTO player_game_stats (id, player_id, game_id, buy_in, total_profit) VALUES (204,7,16,90.00,-25.17);
INSERT INTO player_game_stats (id, player_id, game_id, buy_in, total_profit) VALUES (205,8,16,150.00,60.01);
INSERT INTO player_game_stats (id, player_id, game_id, buy_in, total_profit) VALUES (213,16,16,50.00,103.89);


INSERT INTO game (id,date) VALUES (17,'2020-04-19');

INSERT INTO player_game_stats (id, player_id, game_id, buy_in, total_profit) VALUES (215,2,17,232.85,6.90);
INSERT INTO player_game_stats (id, player_id, game_id, buy_in, total_profit) VALUES (216,3,17,118.00,-23.85);
INSERT INTO player_game_stats (id, player_id, game_id, buy_in, total_profit) VALUES (217,4,17,75.00,-75.00);
INSERT INTO player_game_stats (id, player_id, game_id, buy_in, total_profit) VALUES (218,5,17,100.00,19.45);
INSERT INTO player_game_stats (id, player_id, game_id, buy_in, total_profit) VALUES (219,6,17,85.00,99.26);
INSERT INTO player_game_stats (id, player_id, game_id, buy_in, total_profit) VALUES (221,8,17,150.00,37.50);
INSERT INTO player_game_stats (id, player_id, game_id, buy_in, total_profit) VALUES (224,11,17,100.00,-64.26);


INSERT INTO game (id,date) VALUES (18,'2020-04-22');

INSERT INTO player_game_stats (id, player_id, game_id, buy_in, total_profit) VALUES (226,2,18,150.00,34.00);
INSERT INTO player_game_stats (id, player_id, game_id, buy_in, total_profit) VALUES (227,3,18,68.00,7.75);
INSERT INTO player_game_stats (id, player_id, game_id, buy_in, total_profit) VALUES (228,4,18,100.00,-100.00);
INSERT INTO player_game_stats (id, player_id, game_id, buy_in, total_profit) VALUES (229,5,18,100.00,-100.00);
INSERT INTO player_game_stats (id, player_id, game_id, buy_in, total_profit) VALUES (231,7,18,65.00,55.00);
INSERT INTO player_game_stats (id, player_id, game_id, buy_in, total_profit) VALUES (232,8,18,150.00,103.25);


INSERT INTO game (id,date) VALUES (19,'2020-04-23');

INSERT INTO player_game_stats (id, player_id, game_id, buy_in, total_profit) VALUES (233,1,19,100.00,44.77);
INSERT INTO player_game_stats (id, player_id, game_id, buy_in, total_profit) VALUES (234,2,19,150.00,2.55);
INSERT INTO player_game_stats (id, player_id, game_id, buy_in, total_profit) VALUES (235,3,19,74.00,68.07);
INSERT INTO player_game_stats (id, player_id, game_id, buy_in, total_profit) VALUES (236,4,19,100.00,-100.00);
INSERT INTO player_game_stats (id, player_id, game_id, buy_in, total_profit) VALUES (238,6,19,200.00,-200.00);
INSERT INTO player_game_stats (id, player_id, game_id, buy_in, total_profit) VALUES (239,7,19,75.00,63.85);
INSERT INTO player_game_stats (id, player_id, game_id, buy_in, total_profit) VALUES (240,8,19,150.00,220.76);
INSERT INTO player_game_stats (id, player_id, game_id, buy_in, total_profit) VALUES (243,11,19,100.00,-100.00);


INSERT INTO game (id,date) VALUES (20,'2020-04-24');

INSERT INTO player_game_stats (id, player_id, game_id, buy_in, total_profit) VALUES (244,1,20,100.00,-8.82);
INSERT INTO player_game_stats (id, player_id, game_id, buy_in, total_profit) VALUES (245,2,20,150.00,-24.63);
INSERT INTO player_game_stats (id, player_id, game_id, buy_in, total_profit) VALUES (246,3,20,100.00,49.41);
INSERT INTO player_game_stats (id, player_id, game_id, buy_in, total_profit) VALUES (249,6,20,100.00,92.58);
INSERT INTO player_game_stats (id, player_id, game_id, buy_in, total_profit) VALUES (250,7,20,75.00,-75.00);
INSERT INTO player_game_stats (id, player_id, game_id, buy_in, total_profit) VALUES (251,8,20,150.00,196.95);
INSERT INTO player_game_stats (id, player_id, game_id, buy_in, total_profit) VALUES (253,10,20,100.00,-65.00);
INSERT INTO player_game_stats (id, player_id, game_id, buy_in, total_profit) VALUES (254,11,20,100.00,-15.49);
INSERT INTO player_game_stats (id, player_id, game_id, buy_in, total_profit) VALUES (261,18,20,150.00,-150.00);


INSERT INTO game (id,date) VALUES (21,'2020-04-25');

INSERT INTO player_game_stats (id, player_id, game_id, buy_in, total_profit) VALUES (262,1,21,100.00,-100.00);
INSERT INTO player_game_stats (id, player_id, game_id, buy_in, total_profit) VALUES (263,2,21,150.00,119.33);
INSERT INTO player_game_stats (id, player_id, game_id, buy_in, total_profit) VALUES (264,3,21,125.00,-3.30);
INSERT INTO player_game_stats (id, player_id, game_id, buy_in, total_profit) VALUES (267,6,21,100.00,-6.20);
INSERT INTO player_game_stats (id, player_id, game_id, buy_in, total_profit) VALUES (269,8,21,150.00,32.71);
INSERT INTO player_game_stats (id, player_id, game_id, buy_in, total_profit) VALUES (277,16,21,100.00,-42.54);


INSERT INTO game (id,date) VALUES (22,'2020-04-26');

INSERT INTO player_game_stats (id, player_id, game_id, buy_in, total_profit) VALUES (278,1,22,100.00,-32.31);
INSERT INTO player_game_stats (id, player_id, game_id, buy_in, total_profit) VALUES (279,2,22,188.32,-35.37);
INSERT INTO player_game_stats (id, player_id, game_id, buy_in, total_profit) VALUES (280,3,22,73.00,-17.33);
INSERT INTO player_game_stats (id, player_id, game_id, buy_in, total_profit) VALUES (283,6,22,100.00,74.14);
INSERT INTO player_game_stats (id, player_id, game_id, buy_in, total_profit) VALUES (286,9,22,100.00,10.87);


INSERT INTO game (id,date) VALUES (23,'2020-04-27');

INSERT INTO player_game_stats (id, player_id, game_id, buy_in, total_profit) VALUES (287,1,23,100.00,-35.49);
INSERT INTO player_game_stats (id, player_id, game_id, buy_in, total_profit) VALUES (288,2,23,150.00,-50.02);
INSERT INTO player_game_stats (id, player_id, game_id, buy_in, total_profit) VALUES (289,3,23,55.00,59.88);
INSERT INTO player_game_stats (id, player_id, game_id, buy_in, total_profit) VALUES (290,4,23,176.27,-176.27);
INSERT INTO player_game_stats (id, player_id, game_id, buy_in, total_profit) VALUES (292,6,23,100.00,128.61);
INSERT INTO player_game_stats (id, player_id, game_id, buy_in, total_profit) VALUES (297,11,23,80.00,11.01);
INSERT INTO player_game_stats (id, player_id, game_id, buy_in, total_profit) VALUES (302,16,23,75.00,62.28);


INSERT INTO game (id,date) VALUES (24,'2020-04-29');

INSERT INTO player_game_stats (id, player_id, game_id, buy_in, total_profit) VALUES (304,2,24,150.00,219.11);
INSERT INTO player_game_stats (id, player_id, game_id, buy_in, total_profit) VALUES (305,3,24,155.00,-111.71);
INSERT INTO player_game_stats (id, player_id, game_id, buy_in, total_profit) VALUES (306,4,24,150.00,61.53);
INSERT INTO player_game_stats (id, player_id, game_id, buy_in, total_profit) VALUES (307,5,24,100.00,3.21);
INSERT INTO player_game_stats (id, player_id, game_id, buy_in, total_profit) VALUES (308,6,24,100.00,-100.00);
INSERT INTO player_game_stats (id, player_id, game_id, buy_in, total_profit) VALUES (309,7,24,155.00,81.29);
INSERT INTO player_game_stats (id, player_id, game_id, buy_in, total_profit) VALUES (310,8,24,150.00,8.50);
INSERT INTO player_game_stats (id, player_id, game_id, buy_in, total_profit) VALUES (311,9,24,100.00,-100.00);
INSERT INTO player_game_stats (id, player_id, game_id, buy_in, total_profit) VALUES (318,16,24,150.00,-64.53);
INSERT INTO player_game_stats (id, player_id, game_id, buy_in, total_profit) VALUES (320,18,24,100.00,2.60);


INSERT INTO game (id,date) VALUES (25,'2020-04-30');

INSERT INTO player_game_stats (id, player_id, game_id, buy_in, total_profit) VALUES (322,2,25,245.26,-101.26);
INSERT INTO player_game_stats (id, player_id, game_id, buy_in, total_profit) VALUES (323,3,25,100.00,58.85);
INSERT INTO player_game_stats (id, player_id, game_id, buy_in, total_profit) VALUES (325,5,25,100.00,37.84);
INSERT INTO player_game_stats (id, player_id, game_id, buy_in, total_profit) VALUES (326,6,25,171.00,-24.59);
INSERT INTO player_game_stats (id, player_id, game_id, buy_in, total_profit) VALUES (327,7,25,75.00,-26.09);
INSERT INTO player_game_stats (id, player_id, game_id, buy_in, total_profit) VALUES (328,8,25,150.00,-68.50);
INSERT INTO player_game_stats (id, player_id, game_id, buy_in, total_profit) VALUES (329,9,25,95.00,123.75);


INSERT INTO game (id,date) VALUES (26,'2020-05-01');

INSERT INTO player_game_stats (id, player_id, game_id, buy_in, total_profit) VALUES (330,1,26,100.00,133.75);
INSERT INTO player_game_stats (id, player_id, game_id, buy_in, total_profit) VALUES (331,2,26,150.00,114.41);
INSERT INTO player_game_stats (id, player_id, game_id, buy_in, total_profit) VALUES (334,5,26,100.00,87.80);
INSERT INTO player_game_stats (id, player_id, game_id, buy_in, total_profit) VALUES (335,6,26,250.00,-250.00);
INSERT INTO player_game_stats (id, player_id, game_id, buy_in, total_profit) VALUES (337,8,26,150.00,14.04);
INSERT INTO player_game_stats (id, player_id, game_id, buy_in, total_profit) VALUES (347,18,26,100.00,-100.00);


INSERT INTO game (id,date) VALUES (27,'2020-05-02');

INSERT INTO player_game_stats (id, player_id, game_id, buy_in, total_profit) VALUES (348,1,27,100.00,13.27);
INSERT INTO player_game_stats (id, player_id, game_id, buy_in, total_profit) VALUES (349,2,27,150.00,0.57);
INSERT INTO player_game_stats (id, player_id, game_id, buy_in, total_profit) VALUES (350,3,27,75.00,-1.20);
INSERT INTO player_game_stats (id, player_id, game_id, buy_in, total_profit) VALUES (351,4,27,150.00,60.60);
INSERT INTO player_game_stats (id, player_id, game_id, buy_in, total_profit) VALUES (355,8,27,300.00,-170.23);
INSERT INTO player_game_stats (id, player_id, game_id, buy_in, total_profit) VALUES (356,9,27,100.00,69.91);
INSERT INTO player_game_stats (id, player_id, game_id, buy_in, total_profit) VALUES (358,11,27,95.00,27.08);


INSERT INTO game (id,date) VALUES (28,'2020-05-05');

INSERT INTO player_game_stats (id, player_id, game_id, buy_in, total_profit) VALUES (359,1,28,100.00,-7.05);
INSERT INTO player_game_stats (id, player_id, game_id, buy_in, total_profit) VALUES (360,2,28,150.00,23.75);
INSERT INTO player_game_stats (id, player_id, game_id, buy_in, total_profit) VALUES (361,3,28,149.47,-133.89);
INSERT INTO player_game_stats (id, player_id, game_id, buy_in, total_profit) VALUES (362,4,28,150.00,219.39);
INSERT INTO player_game_stats (id, player_id, game_id, buy_in, total_profit) VALUES (363,5,28,100.00,-100.00);
INSERT INTO player_game_stats (id, player_id, game_id, buy_in, total_profit) VALUES (365,7,28,75.00,10.69);
INSERT INTO player_game_stats (id, player_id, game_id, buy_in, total_profit) VALUES (367,9,28,90.00,-12.89);


INSERT INTO game (id,date) VALUES (29,'2020-05-07');

INSERT INTO player_game_stats (id, player_id, game_id, buy_in, total_profit) VALUES (368,1,29,100.00,9.48);
INSERT INTO player_game_stats (id, player_id, game_id, buy_in, total_profit) VALUES (369,2,29,100.00,-34.51);
INSERT INTO player_game_stats (id, player_id, game_id, buy_in, total_profit) VALUES (372,5,29,100.00,12.41);
INSERT INTO player_game_stats (id, player_id, game_id, buy_in, total_profit) VALUES (374,7,29,75.00,53.07);
INSERT INTO player_game_stats (id, player_id, game_id, buy_in, total_profit) VALUES (375,8,29,150.00,-18.87);
INSERT INTO player_game_stats (id, player_id, game_id, buy_in, total_profit) VALUES (376,9,29,100.00,-36.98);
INSERT INTO player_game_stats (id, player_id, game_id, buy_in, total_profit) VALUES (382,15,29,50.00,18.65);
INSERT INTO player_game_stats (id, player_id, game_id, buy_in, total_profit) VALUES (385,18,29,100.00,-3.25);


INSERT INTO game (id,date) VALUES (30,'2020-05-12');

INSERT INTO player_game_stats (id, player_id, game_id, buy_in, total_profit) VALUES (386,1,30,100.00,78.00);
INSERT INTO player_game_stats (id, player_id, game_id, buy_in, total_profit) VALUES (387,2,30,150.00,72.14);
INSERT INTO player_game_stats (id, player_id, game_id, buy_in, total_profit) VALUES (388,3,30,80.00,51.31);
INSERT INTO player_game_stats (id, player_id, game_id, buy_in, total_profit) VALUES (389,4,30,150.00,-14.25);
INSERT INTO player_game_stats (id, player_id, game_id, buy_in, total_profit) VALUES (390,5,30,100.00,-53.75);
INSERT INTO player_game_stats (id, player_id, game_id, buy_in, total_profit) VALUES (393,8,30,150.00,-53.45);
INSERT INTO player_game_stats (id, player_id, game_id, buy_in, total_profit) VALUES (394,9,30,80.00,-80.00);


INSERT INTO game (id,date) VALUES (31,'2020-05-15');

INSERT INTO player_game_stats (id, player_id, game_id, buy_in, total_profit) VALUES (396,2,31,150.00,-89.75);
INSERT INTO player_game_stats (id, player_id, game_id, buy_in, total_profit) VALUES (401,7,31,100.00,284.11);
INSERT INTO player_game_stats (id, player_id, game_id, buy_in, total_profit) VALUES (402,8,31,150.00,-62.75);
INSERT INTO player_game_stats (id, player_id, game_id, buy_in, total_profit) VALUES (403,9,31,78.00,-38.25);
INSERT INTO player_game_stats (id, player_id, game_id, buy_in, total_profit) VALUES (412,18,31,100.00,6.64);
INSERT INTO player_game_stats (id, player_id, game_id, buy_in, total_profit) VALUES (413,19,31,100.00,-100.00);


INSERT INTO game (id,date) VALUES (32,'2020-05-17');

INSERT INTO player_game_stats (id, player_id, game_id, buy_in, total_profit) VALUES (415,2,32,150.00,42.52);
INSERT INTO player_game_stats (id, player_id, game_id, buy_in, total_profit) VALUES (416,3,32,100.00,-72.27);
INSERT INTO player_game_stats (id, player_id, game_id, buy_in, total_profit) VALUES (417,4,32,150.00,193.98);
INSERT INTO player_game_stats (id, player_id, game_id, buy_in, total_profit) VALUES (420,7,32,100.00,-100.00);
INSERT INTO player_game_stats (id, player_id, game_id, buy_in, total_profit) VALUES (421,8,32,150.00,-30.00);
INSERT INTO player_game_stats (id, player_id, game_id, buy_in, total_profit) VALUES (431,18,32,100.00,-34.23);


INSERT INTO game (id,date) VALUES (33,'2020-05-19');

INSERT INTO player_game_stats (id, player_id, game_id, buy_in, total_profit) VALUES (432,1,33,100.00,44.01);
INSERT INTO player_game_stats (id, player_id, game_id, buy_in, total_profit) VALUES (433,2,33,225.79,-51.17);
INSERT INTO player_game_stats (id, player_id, game_id, buy_in, total_profit) VALUES (434,3,33,100.00,236.01);
INSERT INTO player_game_stats (id, player_id, game_id, buy_in, total_profit) VALUES (435,4,33,300.00,-41.95);
INSERT INTO player_game_stats (id, player_id, game_id, buy_in, total_profit) VALUES (440,9,33,200.00,209.88);
INSERT INTO player_game_stats (id, player_id, game_id, buy_in, total_profit) VALUES (441,10,33,100.00,-100.00);
INSERT INTO player_game_stats (id, player_id, game_id, buy_in, total_profit) VALUES (449,18,33,100.00,-41.78);
INSERT INTO player_game_stats (id, player_id, game_id, buy_in, total_profit) VALUES (451,20,33,255.00,-255.00);


INSERT INTO game (id,date) VALUES (34,'2020-05-20');

INSERT INTO player_game_stats (id, player_id, game_id, buy_in, total_profit) VALUES (453,2,34,275.02,-173.58);
INSERT INTO player_game_stats (id, player_id, game_id, buy_in, total_profit) VALUES (455,4,34,150.00,242.51);
INSERT INTO player_game_stats (id, player_id, game_id, buy_in, total_profit) VALUES (456,5,34,100.00,173.50);
INSERT INTO player_game_stats (id, player_id, game_id, buy_in, total_profit) VALUES (458,7,34,100.00,416.54);
INSERT INTO player_game_stats (id, player_id, game_id, buy_in, total_profit) VALUES (459,8,34,150.00,175.06);
INSERT INTO player_game_stats (id, player_id, game_id, buy_in, total_profit) VALUES (460,9,34,100.00,194.47);
INSERT INTO player_game_stats (id, player_id, game_id, buy_in, total_profit) VALUES (469,18,34,100.00,105.06);
INSERT INTO player_game_stats (id, player_id, game_id, buy_in, total_profit) VALUES (471,20,34,1267.02,-1265.05);
INSERT INTO player_game_stats (id, player_id, game_id, buy_in, total_profit) VALUES (472,21,34,100.00,131.49);


INSERT INTO game (id,date) VALUES (35,'2020-05-21');

INSERT INTO player_game_stats (id, player_id, game_id, buy_in, total_profit) VALUES (473,1,35,50.00,48.28);
INSERT INTO player_game_stats (id, player_id, game_id, buy_in, total_profit) VALUES (474,2,35,150.00,33.97);
INSERT INTO player_game_stats (id, player_id, game_id, buy_in, total_profit) VALUES (475,3,35,110.00,134.36);
INSERT INTO player_game_stats (id, player_id, game_id, buy_in, total_profit) VALUES (476,4,35,500.00,-500.00);
INSERT INTO player_game_stats (id, player_id, game_id, buy_in, total_profit) VALUES (477,5,35,100.00,-100.00);
INSERT INTO player_game_stats (id, player_id, game_id, buy_in, total_profit) VALUES (479,7,35,200.00,-55.38);
INSERT INTO player_game_stats (id, player_id, game_id, buy_in, total_profit) VALUES (480,8,35,150.00,16.00);
INSERT INTO player_game_stats (id, player_id, game_id, buy_in, total_profit) VALUES (481,9,35,200.00,14.95);
INSERT INTO player_game_stats (id, player_id, game_id, buy_in, total_profit) VALUES (490,18,35,150.00,50.26);
INSERT INTO player_game_stats (id, player_id, game_id, buy_in, total_profit) VALUES (492,20,35,150.00,247.94);
INSERT INTO player_game_stats (id, player_id, game_id, buy_in, total_profit) VALUES (493,21,35,100.00,109.62);







